discount_applied,num_orders,total_revenue,average_order_value
No,25018,6391824.13,255.48901311056
Yes,24982,6384787.35,255.575508366024
