payment_method,num_orders,total_revenue,average_order_value
Credit Card,12528,3197688.67,255.243348499361
UPI,12387,3173763.38,256.217274562041
Cash on Delivery,12496,3195777.32,255.74402368758
Debit Card,12589,3209382.11,254.935428548733
