repeat_customer,total_revenue,average_order_value,number_of_purchases
No,6313865.62,255.043852803361,24756
Yes,6462745.86,256.011165425448,25244
